method,scale,objective,feasible,runtime_sec,vehicles_used,convergence,violations
POMO-style multi-start masked greedy,50,669.88,True,0.012,4,24 parallel-style starts; best feasible rollout selected,
GA permutation + EV/TW repair,50,1670.61,True,0.308,4,"population=48, generations_run=56, best_feasible=True",
OR-Tools CVRPTW + charging repair,50,536.84,True,8.003,4,OR-Tools GLS time_limit=8s; charging stations inserted post hoc,
POMO-style multi-start masked greedy,100,1159.84,True,0.057,7,24 parallel-style starts; best feasible rollout selected,
GA permutation + EV/TW repair,100,4942.38,True,1.3,7,"population=48, generations_run=80, best_feasible=True",
OR-Tools CVRPTW + charging repair,100,1012.07,True,8.003,7,OR-Tools GLS time_limit=8s; charging stations inserted post hoc,
POMO-style multi-start masked greedy,200,2090.49,True,0.275,14,24 parallel-style starts; best feasible rollout selected,
GA permutation + EV/TW repair,200,9602.82,True,2.746,14,"population=48, generations_run=68, best_feasible=True",
OR-Tools CVRPTW + charging repair,200,1660.49,True,8.006,14,OR-Tools GLS time_limit=8s; charging stations inserted post hoc,
